variant,encoding,guard_mode,scope,raw_tokens,compact_tokens,saved_tokens,saved_percent,changed_segments_unguarded,raw_words,compact_words_unguarded,raw_characters,compact_characters_unguarded,bare_p50_ms,bare_p95_ms,bare_p99_ms,bare_max_ms,guard_only_p95_ms,compression_plus_guard_p95_ms
raw,cl100k_base,unguarded,standalone_segments_sum,1097,1097,0,0,0,824,824,3947,3947,0.000481,0.000591,0.001032,0.025739,0.006011,0.006482
raw,cl100k_base,unguarded,complete_session_prompt,1243,1243,0,0,0,824,824,3947,3947,0.000481,0.000591,0.001032,0.025739,0.006011,0.006482
raw,cl100k_base,unguarded,separately_wrapped_segment_prompts_sum,4813,4813,0,0,0,824,824,3947,3947,0.000481,0.000591,0.001032,0.025739,0.006011,0.006482
raw,cl100k_base,standalone_positive_guard,standalone_segments_sum,1097,1097,0,0,0,824,824,3947,3947,0.000481,0.000591,0.001032,0.025739,0.006011,0.006482
raw,cl100k_base,standalone_positive_guard,complete_session_prompt,1243,1243,0,0,0,824,824,3947,3947,0.000481,0.000591,0.001032,0.025739,0.006011,0.006482
raw,cl100k_base,standalone_positive_guard,separately_wrapped_segment_prompts_sum,4813,4813,0,0,0,824,824,3947,3947,0.000481,0.000591,0.001032,0.025739,0.006011,0.006482
raw,o200k_base,unguarded,standalone_segments_sum,1041,1041,0,0,0,824,824,3947,3947,0.000481,0.000591,0.001032,0.025739,0.003707,0.004168
raw,o200k_base,unguarded,complete_session_prompt,1183,1183,0,0,0,824,824,3947,3947,0.000481,0.000591,0.001032,0.025739,0.003707,0.004168
raw,o200k_base,unguarded,separately_wrapped_segment_prompts_sum,4651,4651,0,0,0,824,824,3947,3947,0.000481,0.000591,0.001032,0.025739,0.003707,0.004168
raw,o200k_base,standalone_positive_guard,standalone_segments_sum,1041,1041,0,0,0,824,824,3947,3947,0.000481,0.000591,0.001032,0.025739,0.003707,0.004168
raw,o200k_base,standalone_positive_guard,complete_session_prompt,1183,1183,0,0,0,824,824,3947,3947,0.000481,0.000591,0.001032,0.025739,0.003707,0.004168
raw,o200k_base,standalone_positive_guard,separately_wrapped_segment_prompts_sum,4651,4651,0,0,0,824,824,3947,3947,0.000481,0.000591,0.001032,0.025739,0.003707,0.004168
minimal,cl100k_base,unguarded,standalone_segments_sum,1097,1097,0,0,0,824,824,3947,3947,0.001413,0.002324,0.003427,1.987967,0.006042,0.007574
minimal,cl100k_base,unguarded,complete_session_prompt,1243,1243,0,0,0,824,824,3947,3947,0.001413,0.002324,0.003427,1.987967,0.006042,0.007574
minimal,cl100k_base,unguarded,separately_wrapped_segment_prompts_sum,4813,4813,0,0,0,824,824,3947,3947,0.001413,0.002324,0.003427,1.987967,0.006042,0.007574
minimal,cl100k_base,standalone_positive_guard,standalone_segments_sum,1097,1097,0,0,0,824,824,3947,3947,0.001413,0.002324,0.003427,1.987967,0.006042,0.007574
minimal,cl100k_base,standalone_positive_guard,complete_session_prompt,1243,1243,0,0,0,824,824,3947,3947,0.001413,0.002324,0.003427,1.987967,0.006042,0.007574
minimal,cl100k_base,standalone_positive_guard,separately_wrapped_segment_prompts_sum,4813,4813,0,0,0,824,824,3947,3947,0.001413,0.002324,0.003427,1.987967,0.006042,0.007574
minimal,o200k_base,unguarded,standalone_segments_sum,1041,1041,0,0,0,824,824,3947,3947,0.001413,0.002324,0.003427,1.987967,0.003677,0.00572
minimal,o200k_base,unguarded,complete_session_prompt,1183,1183,0,0,0,824,824,3947,3947,0.001413,0.002324,0.003427,1.987967,0.003677,0.00572
minimal,o200k_base,unguarded,separately_wrapped_segment_prompts_sum,4651,4651,0,0,0,824,824,3947,3947,0.001413,0.002324,0.003427,1.987967,0.003677,0.00572
minimal,o200k_base,standalone_positive_guard,standalone_segments_sum,1041,1041,0,0,0,824,824,3947,3947,0.001413,0.002324,0.003427,1.987967,0.003677,0.00572
minimal,o200k_base,standalone_positive_guard,complete_session_prompt,1183,1183,0,0,0,824,824,3947,3947,0.001413,0.002324,0.003427,1.987967,0.003677,0.00572
minimal,o200k_base,standalone_positive_guard,separately_wrapped_segment_prompts_sum,4651,4651,0,0,0,824,824,3947,3947,0.001413,0.002324,0.003427,1.987967,0.003677,0.00572
disfluency,cl100k_base,unguarded,standalone_segments_sum,1097,1092,5,0.4558,4,824,820,3947,3923,0.006262,0.027002,0.040085,0.089828,0.006943,0.033555
disfluency,cl100k_base,unguarded,complete_session_prompt,1243,1238,5,0.4023,4,824,820,3947,3923,0.006262,0.027002,0.040085,0.089828,0.006943,0.033555
disfluency,cl100k_base,unguarded,separately_wrapped_segment_prompts_sum,4813,4808,5,0.1039,4,824,820,3947,3923,0.006262,0.027002,0.040085,0.089828,0.006943,0.033555
disfluency,cl100k_base,standalone_positive_guard,standalone_segments_sum,1097,1092,5,0.4558,4,824,820,3947,3923,0.006262,0.027002,0.040085,0.089828,0.006943,0.033555
disfluency,cl100k_base,standalone_positive_guard,complete_session_prompt,1243,1238,5,0.4023,4,824,820,3947,3923,0.006262,0.027002,0.040085,0.089828,0.006943,0.033555
disfluency,cl100k_base,standalone_positive_guard,separately_wrapped_segment_prompts_sum,4813,4808,5,0.1039,4,824,820,3947,3923,0.006262,0.027002,0.040085,0.089828,0.006943,0.033555
disfluency,o200k_base,unguarded,standalone_segments_sum,1041,1035,6,0.5764,4,824,820,3947,3923,0.006262,0.027002,0.040085,0.089828,0.004529,0.031615
disfluency,o200k_base,unguarded,complete_session_prompt,1183,1177,6,0.5072,4,824,820,3947,3923,0.006262,0.027002,0.040085,0.089828,0.004529,0.031615
disfluency,o200k_base,unguarded,separately_wrapped_segment_prompts_sum,4651,4645,6,0.129,4,824,820,3947,3923,0.006262,0.027002,0.040085,0.089828,0.004529,0.031615
disfluency,o200k_base,standalone_positive_guard,standalone_segments_sum,1041,1035,6,0.5764,4,824,820,3947,3923,0.006262,0.027002,0.040085,0.089828,0.004529,0.031615
disfluency,o200k_base,standalone_positive_guard,complete_session_prompt,1183,1177,6,0.5072,4,824,820,3947,3923,0.006262,0.027002,0.040085,0.089828,0.004529,0.031615
disfluency,o200k_base,standalone_positive_guard,separately_wrapped_segment_prompts_sum,4651,4645,6,0.129,4,824,820,3947,3923,0.006262,0.027002,0.040085,0.089828,0.004529,0.031615
telegraphic_light,cl100k_base,unguarded,standalone_segments_sum,1097,1055,42,3.8286,31,824,783,3947,3801,0.006602,0.029927,0.055935,0.104727,0.011491,0.041387
telegraphic_light,cl100k_base,unguarded,complete_session_prompt,1243,1201,42,3.3789,31,824,783,3947,3801,0.006602,0.029927,0.055935,0.104727,0.011491,0.041387
telegraphic_light,cl100k_base,unguarded,separately_wrapped_segment_prompts_sum,4813,4771,42,0.8726,31,824,783,3947,3801,0.006602,0.029927,0.055935,0.104727,0.011491,0.041387
telegraphic_light,cl100k_base,standalone_positive_guard,standalone_segments_sum,1097,1055,42,3.8286,31,824,783,3947,3801,0.006602,0.029927,0.055935,0.104727,0.011491,0.041387
telegraphic_light,cl100k_base,standalone_positive_guard,complete_session_prompt,1243,1201,42,3.3789,31,824,783,3947,3801,0.006602,0.029927,0.055935,0.104727,0.011491,0.041387
telegraphic_light,cl100k_base,standalone_positive_guard,separately_wrapped_segment_prompts_sum,4813,4771,42,0.8726,31,824,783,3947,3801,0.006602,0.029927,0.055935,0.104727,0.011491,0.041387
telegraphic_light,o200k_base,unguarded,standalone_segments_sum,1041,998,43,4.1306,31,824,783,3947,3801,0.006602,0.029927,0.055935,0.104727,0.006532,0.036419
telegraphic_light,o200k_base,unguarded,complete_session_prompt,1183,1140,43,3.6348,31,824,783,3947,3801,0.006602,0.029927,0.055935,0.104727,0.006532,0.036419
telegraphic_light,o200k_base,unguarded,separately_wrapped_segment_prompts_sum,4651,4608,43,0.9245,31,824,783,3947,3801,0.006602,0.029927,0.055935,0.104727,0.006532,0.036419
telegraphic_light,o200k_base,standalone_positive_guard,standalone_segments_sum,1041,998,43,4.1306,31,824,783,3947,3801,0.006602,0.029927,0.055935,0.104727,0.006532,0.036419
telegraphic_light,o200k_base,standalone_positive_guard,complete_session_prompt,1183,1140,43,3.6348,31,824,783,3947,3801,0.006602,0.029927,0.055935,0.104727,0.006532,0.036419
telegraphic_light,o200k_base,standalone_positive_guard,separately_wrapped_segment_prompts_sum,4651,4608,43,0.9245,31,824,783,3947,3801,0.006602,0.029927,0.055935,0.104727,0.006532,0.036419
telegraphic_aggressive,cl100k_base,unguarded,standalone_segments_sum,1097,987,110,10.0273,42,824,715,3947,3577,0.00756,0.034816,0.061275,0.34582,0.0111,0.046226
telegraphic_aggressive,cl100k_base,unguarded,complete_session_prompt,1243,1133,110,8.8496,42,824,715,3947,3577,0.00756,0.034816,0.061275,0.34582,0.0111,0.046226
telegraphic_aggressive,cl100k_base,unguarded,separately_wrapped_segment_prompts_sum,4813,4703,110,2.2855,42,824,715,3947,3577,0.00756,0.034816,0.061275,0.34582,0.0111,0.046226
telegraphic_aggressive,cl100k_base,standalone_positive_guard,standalone_segments_sum,1097,987,110,10.0273,42,824,715,3947,3577,0.00756,0.034816,0.061275,0.34582,0.0111,0.046226
telegraphic_aggressive,cl100k_base,standalone_positive_guard,complete_session_prompt,1243,1133,110,8.8496,42,824,715,3947,3577,0.00756,0.034816,0.061275,0.34582,0.0111,0.046226
telegraphic_aggressive,cl100k_base,standalone_positive_guard,separately_wrapped_segment_prompts_sum,4813,4703,110,2.2855,42,824,715,3947,3577,0.00756,0.034816,0.061275,0.34582,0.0111,0.046226
telegraphic_aggressive,o200k_base,unguarded,standalone_segments_sum,1041,930,111,10.6628,42,824,715,3947,3577,0.00756,0.034816,0.061275,0.34582,0.006683,0.041668
telegraphic_aggressive,o200k_base,unguarded,complete_session_prompt,1183,1072,111,9.3829,42,824,715,3947,3577,0.00756,0.034816,0.061275,0.34582,0.006683,0.041668
telegraphic_aggressive,o200k_base,unguarded,separately_wrapped_segment_prompts_sum,4651,4540,111,2.3866,42,824,715,3947,3577,0.00756,0.034816,0.061275,0.34582,0.006683,0.041668
telegraphic_aggressive,o200k_base,standalone_positive_guard,standalone_segments_sum,1041,930,111,10.6628,42,824,715,3947,3577,0.00756,0.034816,0.061275,0.34582,0.006683,0.041668
telegraphic_aggressive,o200k_base,standalone_positive_guard,complete_session_prompt,1183,1072,111,9.3829,42,824,715,3947,3577,0.00756,0.034816,0.061275,0.34582,0.006683,0.041668
telegraphic_aggressive,o200k_base,standalone_positive_guard,separately_wrapped_segment_prompts_sum,4651,4540,111,2.3866,42,824,715,3947,3577,0.00756,0.034816,0.061275,0.34582,0.006683,0.041668
